[
  {
    "id": 1,
    "name": "John Doe",
    "address": "123 Main St",
    "zip": "12345",
    "city": "Anytown",
    "country": "USA"
  },
  {
    "id": 2,
    "name": "Jane Doe",
    "address": "456 Main St",
    "zip": "12345",
    "city": "Anytown",
    "country": "USA"
  },
  {
    "id": 200,
    "name": "Jackie Chan",
    "address": "789 Main St",
    "zip": "10000",
    "city": "Hong Kong",
    "country": "China"
  },
  {
    "id": 250,
    "name": "Ion Popescu",
    "address": "Str. Veseliei, Nr. 4",
    "zip": "253445",
    "city": "Bucharest",
    "country": "Romania"
  }
]
